{
    "aAcc": 98.92,
    "mIoU": 92.55,
    "mAcc": 95.99,
    "mDice": 96.02,
    "mFscore": 96.02,
    "mPrecision": 96.05,
    "mRecall": 95.99,
    "data_time": 0.003156662920449811,
    "time": 0.09255845136138557
}