{"aAcc": 94.5, "mIoU": 89.05, "mAcc": 93.74, "mDice": 94.19, "mFscore": 94.19, "mPrecision": 94.77, "mRecall": 93.74, "data_time": 0.014577388763427734, "time": 0.20791089534759521}