{"aAcc": 94.04, "mIoU": 83.02, "mAcc": 87.54, "mDice": 90.4, "mFscore": 90.4, "mPrecision": 94.33, "mRecall": 87.54, "data_time": 0.003199114370598364, "time": 0.09292630770849804}