{
    "Grass/Crops": {
        "mIoU": 0.41599829157725726,
        "aAcc": 0.7271153227297845,
        "mAcc": 0.6309999161890324,
        "mDice": 0.48122983451729484
    },
    "Urban": {
        "mIoU": 0.517627658617676,
        "aAcc": 0.8626746668960109,
        "mAcc": 0.768392929150688,
        "mDice": 0.5836001147573872
    },
    "Wetlands": {
        "mIoU": 0.501559420240926,
        "aAcc": 0.8608137235174261,
        "mAcc": 0.742586251323189,
        "mDice": 0.5708926765107641
    },
    "Snow/Ice": {
        "mIoU": 0.32010792407024374,
        "aAcc": 0.7314604813803728,
        "mAcc": 0.5698867728215837,
        "mDice": 0.3624512298242071
    },
    "Barren": {
        "mIoU": 0.4895024041433955,
        "aAcc": 0.8348682487272544,
        "mAcc": 0.723505101972713,
        "mDice": 0.564495123817441
    },
    "Forest": {
        "mIoU": 0.4809264687575488,
        "aAcc": 0.8229694317169584,
        "mAcc": 0.6876376428558933,
        "mDice": 0.5625475973621544
    },
    "Shrubland": {
        "mIoU": 0.5117673534353582,
        "aAcc": 0.874197554744147,
        "mAcc": 0.7201497797290773,
        "mDice": 0.5919133188034655
    },
    "Water": {
        "mIoU": 0.4643129164236885,
        "aAcc": 0.8205382993715835,
        "mAcc": 0.6775471505540217,
        "mDice": 0.5326135977864226
    }
}