{"aAcc": 81.79, "mIoU": 57.53, "mAcc": 69.34, "mDice": 70.46, "mFscore": 70.46, "mPrecision": 77.43, "mRecall": 69.34, "data_time": 0.004421413756354674, "time": 0.32063033829658727}