{"aAcc": 89.9, "mIoU": 73.38, "mAcc": 83.93, "mDice": 83.87, "mFscore": 83.87, "mPrecision": 83.89, "mRecall": 83.93, "data_time": 0.004904283851873679, "time": 0.32561323388678126}