{
    "aAcc": 90.19,
    "mIoU": 74.18,
    "mAcc": 84.79,
    "mDice": 84.46,
    "mFscore": 84.46,
    "mPrecision": 84.2,
    "mRecall": 84.79,
    "data_time": 0.005092643323491831,
    "time": 0.32215978473913476
}